{
    "ROC": {
        "Precision": 0.6822222222222222,
        "Recall": 0.7655860349127181,
        "F1 Score": 0.7215041128084606
    },
    "MIN": {
        "Precision": 0.7523364485981309,
        "Recall": 0.8214285714285714,
        "F1 Score": 0.7853658536585366
    }
}