{
    "ROC": {
        "Precision": 0.5822222222222222,
        "Recall": 0.6533665835411472,
        "F1 Score": 0.6157461809635724
    },
    "MIN": {
        "Precision": 0.7429906542056075,
        "Recall": 0.8112244897959183,
        "F1 Score": 0.7756097560975609
    }
}