{
    "ROC": {
        "Precision": 0.8352941176470589,
        "Recall": 0.885286783042394,
        "F1 Score": 0.8595641646489105
    },
    "MIN": {
        "Precision": 0.8870967741935484,
        "Recall": 0.8418367346938775,
        "F1 Score": 0.8638743455497382
    }
}