{
    "ROC": {
        "Precision": 0.7400881057268722,
        "Recall": 0.8379052369077307,
        "F1 Score": 0.7859649122807018
    },
    "MIN": {
        "Precision": 0.8647342995169082,
        "Recall": 0.9132653061224489,
        "F1 Score": 0.8883374689826301
    }
}