{
    "ROC": {
        "Precision": 0.44337811900191937,
        "Recall": 0.5760598503740648,
        "F1 Score": 0.5010845986984815
    },
    "MIN": {
        "Precision": 0.4824561403508772,
        "Recall": 0.28061224489795916,
        "F1 Score": 0.3548387096774194
    }
}