{
    "ROC": {
        "Precision": 0.786036036036036,
        "Recall": 0.8703241895261845,
        "F1 Score": 0.8260355029585797
    },
    "MIN": {
        "Precision": 0.8193832599118943,
        "Recall": 0.9489795918367347,
        "F1 Score": 0.8794326241134752
    }
}