{
    "ROC": {
        "Precision": 0.7072072072072072,
        "Recall": 0.7830423940149626,
        "F1 Score": 0.7431952662721892
    },
    "MIN": {
        "Precision": 0.8105726872246696,
        "Recall": 0.9387755102040817,
        "F1 Score": 0.8699763593380614
    }
}