{
    "ROC": {
        "Precision": 0.688034188034188,
        "Recall": 0.8029925187032418,
        "F1 Score": 0.7410817031070195
    },
    "MIN": {
        "Precision": 0.7804878048780488,
        "Recall": 0.8163265306122449,
        "F1 Score": 0.7980049875311721
    }
}