{
    "ROC": {
        "Precision": 0.5641025641025641,
        "Recall": 0.6583541147132169,
        "F1 Score": 0.6075949367088608
    },
    "MIN": {
        "Precision": 0.7658536585365854,
        "Recall": 0.8010204081632653,
        "F1 Score": 0.7830423940149627
    }
}