{
    "ROC": {
        "Precision": 0.649895178197065,
        "Recall": 0.773067331670823,
        "F1 Score": 0.7061503416856492
    },
    "MIN": {
        "Precision": 0.8084112149532711,
        "Recall": 0.8826530612244898,
        "F1 Score": 0.8439024390243902
    }
}