{
    "ROC": {
        "Precision": 0.7169811320754716,
        "Recall": 0.8528678304239401,
        "F1 Score": 0.7790432801822323
    },
    "MIN": {
        "Precision": 0.8504672897196262,
        "Recall": 0.9285714285714286,
        "F1 Score": 0.8878048780487805
    }
}