{
    "ROC": {
        "Precision": 0.6659619450317125,
        "Recall": 0.7855361596009975,
        "F1 Score": 0.7208237986270022
    },
    "MIN": {
        "Precision": 0.7659574468085106,
        "Recall": 0.7346938775510204,
        "F1 Score": 0.7499999999999999
    }
}