{
    "ROC": {
        "Precision": 0.8478802992518704,
        "Recall": 0.8478802992518704,
        "F1 Score": 0.8478802992518704
    },
    "MIN": {
        "Precision": 0.8763440860215054,
        "Recall": 0.8316326530612245,
        "F1 Score": 0.8534031413612565
    }
}