{
    "ROC": {
        "Precision": 0.7680798004987531,
        "Recall": 0.7680798004987531,
        "F1 Score": 0.7680798004987531
    },
    "MIN": {
        "Precision": 0.8387096774193549,
        "Recall": 0.7959183673469388,
        "F1 Score": 0.8167539267015708
    }
}