{
    "ROC": {
        "Precision": 0.6508313539192399,
        "Recall": 0.683291770573566,
        "F1 Score": 0.6666666666666666
    },
    "MIN": {
        "Precision": 0.6686390532544378,
        "Recall": 0.576530612244898,
        "F1 Score": 0.6191780821917808
    }
}