{
    "ROC": {
        "Precision": 0.7552941176470588,
        "Recall": 0.800498753117207,
        "F1 Score": 0.7772397094430993
    },
    "MIN": {
        "Precision": 0.8494623655913979,
        "Recall": 0.8061224489795918,
        "F1 Score": 0.8272251308900525
    }
}