{
    "ROC": {
        "Precision": 0.6390658174097664,
        "Recall": 0.7506234413965087,
        "F1 Score": 0.6903669724770641
    },
    "MIN": {
        "Precision": 0.8169642857142857,
        "Recall": 0.9336734693877551,
        "F1 Score": 0.8714285714285714
    }
}