{
    "ROC": {
        "Precision": 0.6985138004246284,
        "Recall": 0.8204488778054863,
        "F1 Score": 0.7545871559633026
    },
    "MIN": {
        "Precision": 0.8303571428571429,
        "Recall": 0.9489795918367347,
        "F1 Score": 0.8857142857142859
    }
}