{
    "ROC": {
        "Precision": 0.8378378378378378,
        "Recall": 0.6184538653366584,
        "F1 Score": 0.7116212338593974
    },
    "MIN": {
        "Precision": 0.9523809523809523,
        "Recall": 0.5102040816326531,
        "F1 Score": 0.6644518272425248
    }
}