{
    "ROC": {
        "Precision": 0.6004566210045662,
        "Recall": 0.655860349127182,
        "F1 Score": 0.6269368295589988
    },
    "MIN": {
        "Precision": 0.7078651685393258,
        "Recall": 0.32142857142857145,
        "F1 Score": 0.4421052631578948
    }
}