{
    "ROC": {
        "Precision": 0.8436724565756824,
        "Recall": 0.8478802992518704,
        "F1 Score": 0.8457711442786069
    },
    "MIN": {
        "Precision": 0.8826530612244898,
        "Recall": 0.8826530612244898,
        "F1 Score": 0.8826530612244898
    }
}