{
    "ROC": {
        "Precision": 0.771712158808933,
        "Recall": 0.7755610972568578,
        "F1 Score": 0.7736318407960198
    },
    "MIN": {
        "Precision": 0.8520408163265306,
        "Recall": 0.8520408163265306,
        "F1 Score": 0.8520408163265306
    }
}