{
    "ROC": {
        "Precision": 0.867231638418079,
        "Recall": 0.7655860349127181,
        "F1 Score": 0.8132450331125828
    },
    "MIN": {
        "Precision": 0.9037433155080213,
        "Recall": 0.8622448979591837,
        "F1 Score": 0.8825065274151436
    }
}