{
    "ROC": {
        "Precision": 0.7853107344632768,
        "Recall": 0.6932668329177057,
        "F1 Score": 0.7364238410596026
    },
    "MIN": {
        "Precision": 0.893048128342246,
        "Recall": 0.8520408163265306,
        "F1 Score": 0.8720626631853786
    }
}