{
    "ROC": {
        "Precision": 0.7395348837209302,
        "Recall": 0.7930174563591023,
        "F1 Score": 0.7653429602888087
    },
    "MIN": {
        "Precision": 0.8477157360406091,
        "Recall": 0.8520408163265306,
        "F1 Score": 0.8498727735368956
    }
}