{
    "ROC": {
        "Precision": 0.7112526539278131,
        "Recall": 0.8354114713216958,
        "F1 Score": 0.768348623853211
    },
    "MIN": {
        "Precision": 0.8979591836734694,
        "Recall": 0.8979591836734694,
        "F1 Score": 0.8979591836734694
    }
}