{
    "ROC": {
        "Precision": 0.6411889596602972,
        "Recall": 0.7531172069825436,
        "F1 Score": 0.6926605504587157
    },
    "MIN": {
        "Precision": 0.8724489795918368,
        "Recall": 0.8724489795918368,
        "F1 Score": 0.8724489795918368
    }
}