{
    "ROC": {
        "Precision": 0.7298474945533769,
        "Recall": 0.8354114713216958,
        "F1 Score": 0.7790697674418605
    },
    "MIN": {
        "Precision": 0.8378378378378378,
        "Recall": 0.9489795918367347,
        "F1 Score": 0.8899521531100479
    }
}