{
    "ROC": {
        "Precision": 0.6099137931034483,
        "Recall": 0.7057356608478803,
        "F1 Score": 0.6543352601156069
    },
    "MIN": {
        "Precision": 0.7336244541484717,
        "Recall": 0.8571428571428571,
        "F1 Score": 0.7905882352941177
    }
}