{
    "ROC": {
        "Precision": 0.7004310344827587,
        "Recall": 0.8104738154613467,
        "F1 Score": 0.7514450867052023
    },
    "MIN": {
        "Precision": 0.74235807860262,
        "Recall": 0.8673469387755102,
        "F1 Score": 0.8
    }
}